{
  "blocs": [
    {
      "id": 0,
      "titre": "Introduction et Orientation",
      "description": "Bienvenue dans votre formation IA ! Ce bloc vous permettra de vous familiariser avec le parcours et de déterminer votre niveau.",
      "summaryPdfUrl": "/static/bloc0_presentation.html",
      "modules": [
        {
          "id": "0-1",
          "titre": "Vidéo d'introduction - Bienvenue",
          "type": "video",
          "videoUrl": "PLACEHOLDER_VIDEO_INTRO_1",
          "description": "Découvrez les objectifs de cette formation et comment elle va transformer votre approche de l'intelligence artificielle en tant qu'auto-entrepreneur."
        },
        {
          "id": "0-2",
          "titre": "Vidéo d'introduction - Présentation du parcours",
          "type": "video",
          "videoUrl": "PLACEHOLDER_VIDEO_INTRO_2",
          "description": "Explorez la structure complète de la formation et les compétences que vous allez acquérir."
        },
        {
          "id": "0-3",
          "titre": "Quiz Diagnostic Initial",
          "type": "quiz",
          "quizType": "diagnostic",
          "description": "Évaluez vos connaissances actuelles en IA pour personnaliser votre parcours d'apprentissage."
        },
        {
          "id": "0-4",
          "titre": "Cahier des Charges - Page Récapitulative",
          "type": "document",
          "description": "Téléchargez ou imprimez ce document récapitulatif qui présente l'ensemble de la formation, ses objectifs et son déroulement."
        }
      ]
    },
    {
      "id": 1,
      "titre": "Fondamentaux de l'IA",
      "description": "Comprenez les bases de l'intelligence artificielle, ses enjeux éthiques et juridiques.",
      "summaryPdfUrl": "/static/bloc1_summary.html",
      "modules": [
        {
          "id": "1-1",
          "titre": "Module 1 : Introduction à l'IA et Enjeux",
          "type": "video",
          "videoUrl": "PLACEHOLDER_VIDEO_MODULE_1",
          "content": {
            "introduction": "L'intelligence artificielle (IA) représente aujourd'hui une révolution technologique majeure qui transforme profondément notre société et nos modes de travail. Pour les auto-entrepreneurs, comprendre l'IA n'est plus une option mais une nécessité stratégique.",
            "sections": [
              {
                "titre": "Qu'est-ce que l'Intelligence Artificielle ?",
                "contenu": "L'intelligence artificielle se définit comme la capacité d'une machine à imiter les fonctions cognitives humaines telles que l'apprentissage, le raisonnement et la résolution de problèmes. Contrairement aux programmes informatiques traditionnels qui suivent des instructions prédéfinies, les systèmes d'IA peuvent analyser des données, identifier des modèles et prendre des décisions de manière autonome. Cette technologie repose sur des algorithmes sophistiqués et des modèles mathématiques qui traitent d'immenses volumes de données pour produire des résultats précis et pertinents."
              },
              {
                "titre": "Les Trois Types d'Intelligence Artificielle",
                "contenu": "Il existe trois catégories principales d'IA que tout entrepreneur doit connaître. L'IA étroite (ou faible) est la forme la plus répandue aujourd'hui : elle excelle dans une tâche spécifique comme la reconnaissance vocale, la traduction automatique ou la détection de fraudes. L'IA générale (ou forte) reste encore théorique et viserait à atteindre un niveau d'intelligence comparable à celui des humains, capable de comprendre et d'apprendre dans divers domaines. Enfin, l'IA superintelligente demeure hypothétique et représenterait un stade où la machine dépasserait l'intelligence humaine dans tous les aspects."
              },
              {
                "titre": "Pourquoi l'IA est Cruciale pour les Auto-Entrepreneurs",
                "contenu": "Pour les auto-entrepreneurs, l'IA offre des opportunités exceptionnelles d'optimisation et de croissance. Elle permet d'automatiser les tâches répétitives et chronophages, libérant ainsi du temps pour se concentrer sur des activités à forte valeur ajoutée. L'IA améliore également la prise de décision en fournissant des analyses prédictives basées sur des données concrètes. Elle permet de personnaliser l'expérience client à grande échelle, d'optimiser les processus opérationnels et de réduire significativement les coûts. Dans un environnement concurrentiel, maîtriser l'IA devient un avantage compétitif déterminant."
              },
              {
                "titre": "Les Enjeux Contemporains de l'IA",
                "contenu": "L'adoption de l'IA soulève des enjeux majeurs qu'il est essentiel de comprendre. Sur le plan éthique, se posent des questions de transparence, de biais algorithmiques et de responsabilité. Les systèmes d'IA peuvent reproduire ou amplifier des préjugés présents dans les données d'entraînement. Sur le plan économique, l'IA transforme le marché du travail en automatisant certaines fonctions tout en créant de nouvelles opportunités. Sur le plan sociétal, elle interroge notre rapport à la vie privée, à la surveillance et à l'autonomie humaine. Les entrepreneurs doivent naviguer ces enjeux avec discernement pour développer une utilisation responsable et durable de l'IA."
              }
            ]
          }
        },
        {
          "id": "1-2",
          "titre": "Module 2 : Propriété Intellectuelle et RGPD",
          "type": "video",
          "videoUrl": "PLACEHOLDER_VIDEO_MODULE_2",
          "content": {
            "introduction": "L'utilisation de l'intelligence artificielle implique des responsabilités juridiques importantes, notamment en matière de propriété intellectuelle et de protection des données personnelles. Le RGPD (Règlement Général sur la Protection des Données) encadre strictement l'usage de l'IA en Europe.",
            "sections": [
              {
                "titre": "L'IA et la Propriété Intellectuelle",
                "contenu": "La question de la propriété intellectuelle dans le contexte de l'IA est complexe et en constante évolution. En l'état actuel du droit français et européen, une IA ne peut pas être titulaire de droits de propriété intellectuelle car elle n'a pas la personnalité juridique. Seules les personnes physiques ou morales peuvent détenir des droits d'auteur. Lorsqu'une IA génère du contenu (texte, image, musique), la question se pose de savoir qui en est le propriétaire : l'utilisateur qui a formulé la requête, le développeur de l'IA, ou l'entreprise qui exploite le système. Actuellement, les contenus générés par IA peuvent être protégés si l'intervention humaine est suffisamment créative et originale. Il est donc crucial de documenter votre processus créatif et votre contribution personnelle."
              },
              {
                "titre": "Le RGPD et les Systèmes d'IA",
                "contenu": "Le RGPD s'applique pleinement aux systèmes d'intelligence artificielle qui traitent des données personnelles. Les entreprises doivent respecter plusieurs principes fondamentaux : la licéité du traitement (avoir une base légale), la limitation des finalités (utiliser les données uniquement pour l'objectif déclaré), la minimisation des données (collecter uniquement ce qui est nécessaire), l'exactitude, la limitation de conservation et l'intégrité et confidentialité. La CNIL a publié en  des recommandations spécifiques sur l'utilisation de l'intérêt légitime comme base légale pour le développement de systèmes d'IA. Les auto-entrepreneurs doivent être particulièrement vigilants sur la transparence : informer les personnes concernées de l'utilisation d'IA et de leurs droits."
              },
              {
                "titre": "Les Droits des Personnes Concernées",
                "contenu": "Le RGPD confère aux individus plusieurs droits essentiels que les systèmes d'IA doivent respecter. Le droit d'accès permet à toute personne de savoir si ses données sont traitées et d'en obtenir une copie. Le droit de rectification autorise la correction de données inexactes. Le droit à l'effacement (ou droit à l'oubli) permet de demander la suppression de données dans certaines conditions. Le droit à la limitation du traitement offre la possibilité de restreindre l'utilisation des données. Le droit à la portabilité permet de récupérer ses données dans un format structuré. Enfin, le droit d'opposition autorise le refus du traitement de données personnelles. Les entrepreneurs utilisant l'IA doivent mettre en place des procédures pour garantir l'exercice effectif de ces droits."
              },
              {
                "titre": "Bonnes Pratiques pour la Conformité",
                "contenu": "Pour assurer la conformité RGPD lors de l'utilisation d'outils d'IA, plusieurs bonnes pratiques s'imposent. Réalisez une analyse d'impact sur la protection des données (AIPD) avant de déployer un système d'IA traitant des données sensibles. Documentez vos traitements dans un registre conforme au RGPD. Assurez-vous que vos fournisseurs d'IA respectent également le RGPD et signez des contrats de sous-traitance appropriés. Mettez en place des mesures de sécurité robustes (chiffrement, contrôle d'accès, pseudonymisation). Formez vos équipes aux enjeux de protection des données. Enfin, désignez un délégué à la protection des données (DPO) si votre activité l'exige. La conformité n'est pas une contrainte mais un gage de confiance pour vos clients."
              }
            ]
          }
        },
        {
          "id": "1-3",
          "titre": "Quiz Bloc 1 - Mini-jeu Pac-Man IA",
          "type": "quiz",
          "quizType": "pacman",
          "description": "Testez vos connaissances sur les fondamentaux de l'IA en guidant Pac-Man vers les bonnes réponses !"
        }
      ]
    },
    {
      "id": 2,
      "titre": "Maîtriser les Prompts",
      "description": "Apprenez à communiquer efficacement avec les IA pour obtenir des résultats optimaux.",
      "summaryPdfUrl": "/static/bloc2_summary.html",
      "modules": [
        {
          "id": "2-1",
          "titre": "Module 3 : Rédaction de Prompts Efficaces",
          "type": "video",
          "videoUrl": "PLACEHOLDER_VIDEO_MODULE_3",
          "content": {
            "introduction": "Le prompt engineering, ou l'art de formuler des instructions efficaces pour les systèmes d'IA, est devenu une compétence essentielle en . La qualité des résultats que vous obtenez d'une IA dépend directement de la qualité de vos prompts.",
            "sections": [
              {
                "titre": "Qu'est-ce qu'un Prompt ?",
                "contenu": "Un prompt est une instruction, une question ou une demande formulée à un système d'intelligence artificielle pour obtenir une réponse ou un résultat spécifique. Il s'agit de l'interface de communication entre l'humain et la machine. Un prompt peut être aussi simple qu'une question directe ou aussi complexe qu'un ensemble détaillé d'instructions avec des exemples, un contexte et des contraintes. La qualité d'un prompt détermine la pertinence, la précision et l'utilité de la réponse générée par l'IA. Maîtriser l'art du prompt permet de transformer un outil d'IA générique en un assistant personnalisé et hautement performant."
              },
              {
                "titre": "Les Principes Fondamentaux d'un Bon Prompt",
                "contenu": "Un prompt efficace repose sur quatre piliers essentiels. Premièrement, la clarté : exprimez votre demande de manière précise et sans ambiguïté. Évitez le jargon inutile et les formulations vagues. Deuxièmement, la spécificité : plus vous êtes précis sur ce que vous attendez, meilleur sera le résultat. Indiquez le format souhaité, le ton, la longueur et le niveau de détail. Troisièmement, le contexte : fournissez à l'IA les informations nécessaires pour comprendre votre situation et vos besoins. Quatrièmement, la structure : organisez votre prompt de manière logique avec des sections distinctes si nécessaire. Un prompt bien structuré guide l'IA vers le résultat attendu."
              },
              {
                "titre": "Techniques Avancées de Prompt Engineering",
                "contenu": "Pour aller au-delà des prompts basiques, explorez des techniques avancées. Le 'few-shot learning' consiste à fournir quelques exemples de paires entrée-sortie pour guider l'IA. Le 'chain-of-thought prompting' décompose une tâche complexe en étapes intermédiaires, permettant à l'IA de raisonner. Le 'persona prompting' demande à l'IA d'adopter un rôle spécifique (ex: 'Agis comme un expert en marketing'). L'utilisation de balises XML ou de délimiteurs peut aider à structurer des prompts complexes. Enfin, l'itération est clé : testez, analysez les résultats et affinez vos prompts jusqu'à obtenir la performance désirée."
              },
              {
                "titre": "Exemples Pratiques pour Auto-Entrepreneurs",
                "contenu": "L'IA peut transformer de nombreux aspects de votre activité. Pour la rédaction, demandez à l'IA de 'rédiger 5 titres accrocheurs pour un article de blog sur le télétravail'. Pour le marketing, 'générer des idées de posts Instagram pour un coach sportif, incluant des hashtags pertinents'. Pour le service client, 'créer une FAQ pour un site e-commerce vendant des produits artisanaux'. Pour la planification, 'proposer un plan de contenu pour 3 mois pour une chaîne YouTube sur la cuisine végétalienne'. L'expérimentation est la meilleure façon de découvrir les applications les plus pertinentes pour votre métier."
              }
            ]
          }
        },
        {
          "id": "2-2",
          "titre": "Quiz Bloc 2 - Mini-jeu Pac-Man IA",
          "type": "quiz",
          "quizType": "pacman",
          "description": "Testez votre maîtrise des prompts en guidant Pac-Man !"
        }
      ]
    },
    {
      "id": 3,
      "titre": "Applications Pratiques par Médias",
      "description": "Découvrez comment l'IA peut transformer votre création de contenu pour différents médias.",
      "summaryPdfUrl": "/static/bloc3_summary.html",
      "modules": [
        {
          "id": "3-1",
          "titre": "Module 4 : IA pour le Texte (ChatGPT)",
          "type": "video",
          "videoUrl": "PLACEHOLDER_VIDEO_MODULE_4",
          "content": {
            "introduction": "ChatGPT et les autres modèles de langage sont devenus des outils incontournables pour la génération et l'optimisation de contenu textuel. Pour les auto-entrepreneurs, ils représentent un gain de temps et une aide précieuse pour la création.",
            "sections": [
              {
                "titre": "Présentation de ChatGPT et des Modèles de Langage",
                "contenu": "ChatGPT, développé par OpenAI, est un modèle de langage basé sur l'architecture Transformer. Il est capable de comprendre et de générer du texte de manière cohérente et pertinente, répondant à une vaste gamme de requêtes. D'autres modèles comme Bard (Google), Claude (Anthropic) ou Llama (Meta) offrent des fonctionnalités similaires. Ces IA sont entraînées sur d'immenses corpus de texte, ce qui leur permet d'acquérir une connaissance encyclopédique et de maîtriser diverses nuances linguistiques. Elles excellent dans la rédaction, la traduction, la synthèse, et même la créativité textuelle."
              },
              {
                "titre": "Cas d'Usage pour Auto-Entrepreneurs",
                "contenu": "Les applications de l'IA textuelle sont multiples pour les auto-entrepreneurs. Vous pouvez l'utiliser pour rédiger des articles de blog, des descriptions de produits, des emails marketing, des scripts vidéo, des légendes pour les réseaux sociaux, ou même des ébauches de livres blancs. L'IA peut vous aider à générer des idées, à reformuler des textes existants, à corriger des fautes d'orthographe et de grammaire, ou à traduire du contenu. C'est un assistant polyvalent qui vous permet de produire du contenu de qualité plus rapidement et à moindre coût."
              },
              {
                "titre": "Démonstrations Pratiques",
                "contenu": "Pour illustrer, imaginez que vous êtes un consultant. Vous pourriez demander à ChatGPT de 'rédiger une proposition de services pour un client PME dans le secteur de la cybersécurité, incluant une introduction, trois services clés et un appel à l'action'. Si vous êtes un artisan, 'générer 10 idées de noms pour une nouvelle collection de bijoux faits main'. Pour un formateur, 'créer un plan détaillé pour un webinaire sur la gestion du temps'. L'efficacité réside dans la précision de vos prompts et votre capacité à itérer sur les résultats."
              },
              {
                "titre": "Limites et Précautions",
                "contenu": "Malgré leurs performances, les IA textuelles ont des limites. Elles peuvent parfois générer des informations incorrectes ('hallucinations'), manquer de créativité ou de nuance humaine, ou reproduire des biais présents dans leurs données d'entraînement. Il est crucial de toujours vérifier les faits et de relire attentivement le contenu généré. L'IA est un outil d'aide, pas un substitut à l'expertise humaine. Utilisez-la pour automatiser les tâches répétitives et vous inspirer, mais conservez toujours un œil critique et votre touche personnelle."
              }
            ]
          }
        },
        {
          "id": "3-2",
          "titre": "Module 5 : IA pour les Images",
          "type": "video",
          "videoUrl": "PLACEHOLDER_VIDEO_MODULE_5",
          "content": {
            "introduction": "La génération d'images par IA a révolutionné la création visuelle, offrant aux auto-entrepreneurs la possibilité de produire des visuels uniques et de haute qualité sans compétences graphiques avancées.",
            "sections": [
              {
                "titre": "Outils de Génération d'Images par IA",
                "contenu": "Des outils comme Midjourney, DALL-E 3 (intégré à ChatGPT Plus), Stable Diffusion ou Adobe Firefly permettent de créer des images à partir de simples descriptions textuelles (prompts). Ces plateformes utilisent des modèles de diffusion pour transformer des concepts abstraits en visuels concrets. Elles offrent un contrôle de plus en plus fin sur le style, la composition, les couleurs et les éléments spécifiques de l'image. Certaines permettent même l'édition d'images existantes ou la création de variations."
              },
              {
                "titre": "Cas d'Usage Professionnels",
                "contenu": "Pour les auto-entrepreneurs, l'IA image est un atout majeur. Créez des illustrations pour vos articles de blog, des visuels pour vos réseaux sociaux, des bannières publicitaires, des maquettes de sites web, des logos, des packagings de produits, ou même des concepts artistiques pour vos projets. Un coach sportif peut générer des images de motivation, un designer de bijoux des visuels de ses créations, un consultant des infographies. Les possibilités sont infinies pour enrichir votre communication visuelle et vous démarquer."
              },
              {
                "titre": "Démonstrations et Techniques de Prompt",
                "contenu": "Pour obtenir les meilleurs résultats, la qualité du prompt est essentielle. Soyez descriptif : 'un chat roux, yeux verts, assis sur un canapé vintage, style peinture à l'huile, lumière douce'. Spécifiez le style artistique : 'photographie hyperréaliste', 'illustration cyberpunk', 'aquarelle'. Indiquez les émotions, les couleurs, la composition. Expérimentez avec des mots-clés négatifs ('--no text', '--ugly') pour affiner le résultat. N'hésitez pas à itérer et à modifier vos prompts pour vous rapprocher de votre vision."
              },
              {
                "titre": "Droits et Éthique",
                "contenu": "La question des droits d'auteur sur les images générées par IA est encore en débat. Dans de nombreux pays, l'IA ne peut pas être considérée comme l'auteur. Les droits reviennent généralement à l'utilisateur qui a créé le prompt. Cependant, il est crucial de vérifier les conditions d'utilisation de chaque outil d'IA, car certaines plateformes peuvent revendiquer une partie des droits ou imposer des restrictions. Soyez également vigilant aux biais potentiels de l'IA (représentations stéréotypées) et à l'utilisation éthique des images générées."
              }
            ]
          }
        },
        {
          "id": "3-3",
          "titre": "Module 6 : IA pour la Musique",
          "type": "video",
          "videoUrl": "PLACEHOLDER_VIDEO_MODULE_6",
          "content": {
            "introduction": "L'IA révolutionne également la création musicale, offrant des outils puissants pour composer, arranger et produire de la musique sans être un musicien professionnel. Une aubaine pour les auto-entrepreneurs qui ont besoin de bandes sonores originales.",
            "sections": [
              {
                "titre": "Outils de Création Musicale par IA",
                "contenu": "Des plateformes comme Amper Music, AIVA, Soundraw ou Google Magenta permettent de générer de la musique à partir de paramètres simples : genre, ambiance, instruments, durée. Ces IA utilisent des algorithmes d'apprentissage profond pour composer des mélodies, des harmonies et des rythmes. Elles peuvent créer des pistes complètes ou des boucles, et certaines offrent la possibilité d'éditer les compositions générées. C'est un moyen rapide et économique d'obtenir de la musique libre de droits pour vos projets."
              },
              {
                "titre": "Applications pour Entreprises",
                "contenu": "Pour les auto-entrepreneurs, l'IA musicale est idéale pour créer des musiques de fond pour vos vidéos YouTube, podcasts, présentations, publicités en ligne, ou même pour des applications mobiles. Un coach peut générer une musique motivante pour ses séances, un créateur de contenu des jingles uniques, un développeur de jeux des bandes sonores originales. Cela élimine le besoin d'acheter des licences coûteuses ou de faire appel à des compositeurs professionnels pour des besoins basiques."
              },
              {
                "titre": "Démonstrations",
                "contenu": "Imaginez que vous avez besoin d'une musique d'ambiance 'chill' pour une vidéo de méditation. Vous entrez les paramètres : 'genre: ambient', 'humeur: calme', 'instruments: piano, pads', 'durée: 5 minutes'. L'IA génère plusieurs propositions que vous pouvez ensuite affiner. Pour un podcast, vous pourriez demander un 'jingle dynamique, style électronique, 15 secondes'. L'expérimentation avec les paramètres est la clé pour trouver la sonorité parfaite."
              },
              {
                "titre": "Aspects Légaux",
                "contenu": "Comme pour les images, les droits d'auteur sur la musique générée par IA sont un sujet en évolution. La plupart des plateformes d'IA musicale proposent des licences qui vous permettent d'utiliser la musique générée à des fins commerciales, souvent avec attribution. Il est impératif de lire attentivement les conditions de licence de chaque outil pour vous assurer que vous avez le droit d'utiliser la musique dans vos projets sans risquer de problèmes juridiques. Certaines plateformes garantissent que la musique est 100% libre de droits."
              }
            ]
          }
        },
        {
          "id": "3-4",
          "titre": "Module 7 : IA pour la Vidéo",
          "type": "video",
          "videoUrl": "PLACEHOLDER_VIDEO_MODULE_7",
          "content": {
            "introduction": "La vidéo est le format de contenu roi, et l'IA est en train de transformer radicalement sa production. De la génération de séquences à l'édition automatisée, l'IA ouvre de nouvelles perspectives pour les auto-entrepreneurs.",
            "sections": [
              {
                "titre": "Outils de Création Vidéo par IA",
                "contenu": "Des outils comme Synthesia, HeyGen, Pictory AI ou RunwayML permettent de générer des vidéos à partir de texte, de créer des avatars parlants, de transformer des articles en vidéos, ou même de générer des séquences vidéo complètes à partir de prompts. Ces plateformes exploitent l'IA pour automatiser des tâches complexes comme la synchronisation labiale, la génération de voix off, l'animation de personnages ou la création de transitions. Elles démocratisent la production vidéo professionnelle."
              },
              {
                "titre": "Montage Vidéo Assisté par IA",
                "contenu": "Au-delà de la génération, l'IA assiste également le montage vidéo. Des fonctionnalités comme la suppression automatique de silences, la détection de scènes, la transcription automatique pour les sous-titres, ou la suggestion de musiques de fond, accélèrent considérablement le processus. Des logiciels comme Adobe Premiere Pro intègrent de plus en plus de fonctions IA pour optimiser le workflow des monteurs, permettant aux auto-entrepreneurs de produire des vidéos de meilleure qualité en moins de temps."
              },
              {
                "titre": "Démonstrations",
                "contenu": "Imaginez que vous êtes un expert en marketing. Vous pourriez utiliser un outil d'IA pour 'créer une courte vidéo explicative de 60 secondes sur les avantages du SEO pour les petites entreprises, avec un avatar parlant et une voix off professionnelle'. Pour un e-commerçant, 'générer une vidéo de présentation de produit à partir de photos existantes et d'une description textuelle'. L'IA permet de transformer rapidement des idées en contenus vidéo engageants, sans avoir besoin d'un studio de production complet."
              },
              {
                "titre": "Bonnes Pratiques pour l'IA Vidéo",
                "contenu": "Pour optimiser vos créations vidéo par IA, suivez quelques principes clés. Commencez par un script clair et structuré : l'IA produit de meilleurs résultats avec des instructions précises. Utilisez des prompts détaillés incluant le style visuel, le mouvement de caméra, l'ambiance et les transitions souhaitées. Pour les avatars parlants, rédigez un texte naturel et conversationnel plutôt que formel. Privilégiez des séquences courtes (15-30 secondes) que vous assemblerez ensuite pour plus de contrôle. Ajoutez des sous-titres pour améliorer l'accessibilité et l'engagement. Personnalisez avec votre branding (logo, couleurs, polices). Testez différentes versions et analysez les performances. Combinez plusieurs outils : génération IA pour les séquences de base, puis édition classique pour les finitions."
              },
              {
                "titre": "Limites et Perspectives d'Évolution",
                "contenu": "Bien que prometteuse, la génération vidéo par IA présente encore des limites en . La cohérence temporelle reste un défi : les mouvements peuvent parfois sembler artificiels ou incohérents. La durée des vidéos générées est souvent limitée (quelques secondes à quelques minutes). Le contrôle précis sur tous les éléments visuels reste moins fin qu'avec l'édition traditionnelle. Les coûts peuvent être élevés pour les plateformes les plus avancées. Cependant, l'évolution est rapide : chaque mois apporte des améliorations significatives en termes de qualité, de durée et de contrôle. Pour les auto-entrepreneurs, l'IA vidéo est déjà un outil viable pour de nombreux usages, particulièrement pour le contenu social et les vidéos explicatives courtes. L'avenir promet une démocratisation complète de la production vidéo professionnelle."
              }
            ]
          }
        },
        {
          "id": "3-5",
          "titre": "Quiz Bloc 3 - Mini-jeu Pac-Man IA",
          "type": "quiz",
          "quizType": "pacman",
          "description": "Testez vos connaissances sur les applications de l'IA par média !"
        }
      ]
    },
    {
      "id": 4,
      "titre": "Business et Stratégie",
      "description": "Développez votre vision stratégique et intégrez l'IA au cœur de votre modèle économique.",
      "summaryPdfUrl": "/static/bloc4_summary.html",
      "modules": [
        {
          "id": "4-1",
          "titre": "Module 8 : Intégrer l'IA dans son Activité",
          "type": "video",
          "videoUrl": "PLACEHOLDER_VIDEO_MODULE_8",
          "content": {
            "introduction": "L'intégration de l'IA dans votre activité d'auto-entrepreneur n'est pas qu'une question technologique, c'est une démarche stratégique. Il s'agit d'identifier les bonnes opportunités et de les implémenter efficacement pour maximiser les bénéfices.",
            "sections": [
              {
                "titre": "Identifier les Opportunités d'Intégration de l'IA",
                "contenu": "La première étape consiste à analyser votre activité pour identifier les domaines où l'IA peut apporter le plus de valeur. Cherchez les tâches répétitives et chronophages (ex: gestion des emails, planification, création de contenu basique), les processus nécessitant une analyse de données complexe (ex: prévisions de ventes, segmentation client), ou les opportunités d'amélioration de l'expérience client (ex: chatbots, recommandations personnalisées). Pensez aux goulots d'étranglement de votre activité et comment l'IA pourrait les fluidifier."
              },
              {
                "titre": "Choisir les Bons Outils d'IA",
                "contenu": "Le marché des outils d'IA est vaste. Il est crucial de choisir ceux qui correspondent le mieux à vos besoins et à votre budget. Privilégiez les solutions 'no-code' ou 'low-code' si vous n'avez pas de compétences techniques avancées. Évaluez les outils en fonction de leur facilité d'utilisation, de leur intégration avec vos systèmes existants, de leur coût, de la qualité des résultats produits et du support client. N'hésitez pas à tester plusieurs options avant de prendre une décision."
              },
              {
                "titre": "Planifier l'Implémentation",
                "contenu": "Une fois les opportunités et les outils identifiés, élaborez un plan d'implémentation. Commencez par des projets pilotes à petite échelle pour tester l'efficacité de l'IA et ajuster votre approche. Formez-vous ou formez vos collaborateurs à l'utilisation des nouveaux outils. Intégrez progressivement l'IA dans vos processus existants plutôt que de chercher à tout révolutionner d'un coup. Définissez des indicateurs de performance clés (KPIs) pour mesurer l'impact de l'IA sur votre activité."
              },
              {
                "titre": "Mesurer les Résultats et Itérer",
                "contenu": "L'intégration de l'IA est un processus continu. Mesurez régulièrement les résultats obtenus : gain de temps, augmentation de la productivité, amélioration de la satisfaction client, croissance du chiffre d'affaires. Utilisez ces données pour ajuster votre stratégie, explorer de nouvelles applications de l'IA ou optimiser l'utilisation des outils existants. L'agilité et l'expérimentation sont essentielles pour tirer pleinement parti du potentiel de l'IA."
              }
            ]
          }
        },
        {
          "id": "4-2",
          "titre": "Module 9 : Stratégie IA pour Auto-Entrepreneurs",
          "type": "video",
          "videoUrl": "PLACEHOLDER_VIDEO_MODULE_9",
          "content": {
            "introduction": "L'IA n'est pas seulement un ensemble d'outils, c'est un levier stratégique puissant pour les auto-entrepreneurs. Adopter une stratégie IA, c'est se donner les moyens de se différencier et de prospérer dans un marché en constante évolution.",
            "sections": [
              {
                "titre": "Avantages Compétitifs grâce à l'IA",
                "contenu": "L'IA peut vous offrir un avantage compétitif significatif. Elle permet de proposer des services plus personnalisés, d'automatiser des tâches que vos concurrents font manuellement, de prendre des décisions plus éclairées grâce à l'analyse de données, et d'innover plus rapidement. En intégrant l'IA, vous pouvez vous positionner comme un acteur moderne et à la pointe de la technologie, attirant ainsi une clientèle plus exigeante et prête à valoriser l'efficacité et la personnalisation."
              },
              {
                "titre": "Automatisation des Tâches et Gain de Productivité",
                "contenu": "L'un des principaux bénéfices de l'IA est l'automatisation. Les auto-entrepreneurs passent souvent un temps considérable sur des tâches administratives, de gestion ou de création de contenu répétitives. L'IA peut prendre en charge la rédaction d'emails, la gestion de calendrier, la création de brouillons de posts sociaux, la transcription audio, l'analyse de données simples. Ce gain de temps vous permet de vous concentrer sur votre cœur de métier, la relation client, et le développement stratégique de votre entreprise."
              },
              {
                "titre": "Amélioration de la Prise de Décision et de la Personnalisation",
                "contenu": "L'IA excelle dans l'analyse de grandes quantités de données et la détection de modèles. Pour un auto-entrepreneur, cela se traduit par une meilleure compréhension de ses clients, de ses performances marketing, et des tendances du marché. Vous pouvez personnaliser vos offres, vos communications et vos recommandations, augmentant ainsi l'engagement et la satisfaction client. Les outils d'IA peuvent vous aider à identifier les meilleurs moments pour contacter un prospect ou les produits les plus pertinents à proposer."
              },
              {
                "titre": "Cas d'Études et Exemples Inspirants",
                "contenu": "De nombreux auto-entrepreneurs utilisent déjà l'IA avec succès. Un graphiste peut utiliser l'IA pour générer des concepts visuels rapides. Un rédacteur web peut s'appuyer sur l'IA pour des recherches et des ébauches d'articles. Un consultant peut analyser des données clients avec l'IA pour affiner ses recommandations. Un coach peut utiliser l'IA pour créer des programmes d'entraînement personnalisés. Ces exemples montrent que l'IA n'est pas réservée aux grandes entreprises, mais est accessible et bénéfique pour toutes les structures, y compris les plus petites."
              }
            ]
          }
        },
        {
          "id": "4-3",
          "titre": "Quiz Final Global",
          "type": "quiz",
          "quizType": "final",
          "description": "Évaluez l'ensemble de vos connaissances acquises durant la formation."
        }
      ]
    },
    {
      "id": 5,
      "titre": "Projet Final",
      "description": "Mettez en pratique vos connaissances en réalisant un projet concret d'intégration de l'IA.",
      "summaryPdfUrl": "/static/bloc5_summary.html",
      "modules": [
        {
          "id": "5-1",
          "titre": "Projet Pratique : Intégration de l'IA dans Votre Activité",
          "type": "document",
          "content": {
            "introduction": "Ce projet final est l'occasion de consolider toutes les compétences acquises et de les appliquer à votre propre activité d'auto-entrepreneur. L'objectif est de concevoir et, si possible, de mettre en œuvre une solution basée sur l'IA qui répond à un besoin spécifique de votre entreprise.",
            "sections": [
              {
                "titre": "Étape 1 : Identification du Besoin",
                "contenu": "Commencez par identifier un problème ou une opportunité dans votre activité où l'IA pourrait apporter une valeur ajoutée significative. Cela peut être l'automatisation d'une tâche répétitive, l'amélioration de la prise de décision, la personnalisation de l'expérience client, ou la création de nouveau contenu. Soyez précis et quantifiez l'impact potentiel."
              },
              {
                "titre": "Étape 2 : Choix des Outils et Technologies",
                "contenu": "Recherchez et sélectionnez les outils ou les technologies d'IA les plus adaptés à votre besoin. Considérez les options 'no-code' ou 'low-code' si vous n'êtes pas développeur. Justifiez votre choix en fonction de la pertinence technique, du coût, de la facilité d'intégration et de la scalabilité."
              },
              {
                "titre": "Étape 3 : Conception de la Solution",
                "contenu": "Décrivez en détail comment la solution IA fonctionnera. Quels seront les inputs ? Quels processus l'IA automatisera ou améliorera ? Quels seront les outputs attendus ? Réalisez des maquettes ou des schémas si nécessaire. Pensez à l'expérience utilisateur et à l'intégration dans votre workflow actuel."
              },
              {
                "titre": "Étape 4 : Implémentation et Test (Optionnel)",
                "contenu": "Si vous avez les compétences et le temps, implémentez une version pilote de votre solution. Testez-la avec des données réelles et recueillez des retours. Documentez les défis rencontrés et les ajustements effectués."
              },
              {
                "titre": "Étape 5 : Présentation du Projet",
                "contenu": "Préparez une présentation de votre projet final. Incluez : le besoin identifié, la solution proposée, les outils utilisés, les résultats obtenus (même si ce sont des projections), les défis et les prochaines étapes. Mettez en avant la valeur ajoutée de l'IA pour votre activité."
              }
            ]
          }
        }
      ]
    }
  ]
}
